﻿<?xml version="1.0" encoding="utf-8" ?>
<DMSScript options="272">
	<Name>AddEvent</Name>
	<Description>Script 1.0.1.77</Description>
	<Type>Automation</Type>
	<Author>SKYLINE2\ThomasRE</Author>
	<CheckSets>FALSE</CheckSets>
	<Folder>YLE/Customer UI</Folder>
	<Protocols>
	</Protocols>
	<Memory>
	</Memory>
	<Parameters>
	</Parameters>
	<Script>
		<Exe id="2" type="csharp">
			<Value>
				<![CDATA[[Project:AddEvent_2]]]>
			</Value>
			<Param type="scriptRef">Library:YLE_MediaServices</Param>
			<Message>$scriptMessage$</Message>
		</Exe>
	</Script>
</DMSScript>