﻿<?xml version="1.0" encoding="utf-8" ?>
<DMSScript options="272" xmlns="http://www.skyline.be/automation">
	<Name>AggregateMetrics</Name>
	<Description>Script 1.0.1.77</Description>
	<Type>Automation</Type>
	<Author>SKYLINE2\VictorSC</Author>
	<CheckSets>FALSE</CheckSets>
	<Folder>YLE/Tools</Folder>

	<Protocols>
	</Protocols>

	<Memory>
	</Memory>

	<Parameters>
		<ScriptParameter id="2" type="string" values="">
			<Description>pushToQaPortal</Description>
		</ScriptParameter>
		<ScriptParameter id="3" type="string" values="">
			<Description>DaysToRemainMetricFiles</Description>
		</ScriptParameter>
	</Parameters>

	<Script>
		<Exe id="1" type="csharp">
			<Value><![CDATA[[Project:AggregateMetrics_1]]]></Value>
			<Param type="scriptRef">Library:YLE_MediaServices</Param>
			<Message></Message>
		</Exe>
	</Script>
</DMSScript>