﻿<DMSScript options="272" xmlns="http://www.skyline.be/automation">
	<Name>ClearReservations</Name>
	<Description>Script 1.0.1.69</Description>
	<Type>Automation</Type>
	<Author>SKYLINE2\ThomasRE</Author>
	<CheckSets>FALSE</CheckSets>
	<Folder>YLE/SRM</Folder>
	<Protocols>
	</Protocols>
	<Memory>
	</Memory>
	<Parameters>
		<ScriptParameter id="1" type="string" values="">
			<Description>ConfirmClearAll</Description>
		</ScriptParameter>
	</Parameters>
	<Script>
		<Exe id="2" type="csharp">
			<Value>
				<![CDATA[[Project:ClearReservations_2]]]>
			</Value>
			<Message>
			</Message>
		</Exe>
	</Script>
</DMSScript>