﻿<?xml version="1.0" encoding="utf-8" ?>
<DMSScript options="272" xmlns="http://www.skyline.be/automation">
	<Name>CreateInvoiceReport</Name>
	<Description>Script 1.0.1.69</Description>
	<Type>Automation</Type>
	<Author>SKYLINE2\GillesVH</Author>
	<CheckSets>FALSE</CheckSets>
	<Folder>YLE/Tools</Folder>

	<Protocols>
	</Protocols>

	<Memory>
	</Memory>

	<Parameters>
	</Parameters>

	<Script>
		<Exe id="1" type="csharp">
			<Value><![CDATA[[Project:CreateInvoiceReport_1]]]></Value>
			<Param type="scriptRef">Library:YLE_MediaServices</Param>
			<Message></Message>
		</Exe>
	</Script>
</DMSScript>