﻿<?xml version="1.0" encoding="utf-8" ?>
<DMSScript options="272" xmlns="http://www.skyline.be/automation">
	<Name>ExecuteFeenixStopCommand</Name>
	<Description>Script 1.0.1.77</Description>
	<Type>Automation</Type>
	<Author>YLEAD\VANHEGI8</Author>
	<CheckSets>FALSE</CheckSets>
	<Folder>YLE/Integrations</Folder>

	<Protocols>
	</Protocols>

	<Memory>
	</Memory>

	<Parameters>
		<ScriptParameter id="1" type="string" values="">
			<Description>ID</Description>
		</ScriptParameter>
	</Parameters>

	<Script>
		<Exe id="2" type="csharp">
			<Value>
				<![CDATA[[Project:ExecuteFeenixStopCommand_2]]]>
			</Value>
			<Param type="scriptRef">Library:YLE_MediaServices</Param>
			<Message>$scriptMessage$</Message>
		</Exe>
	</Script>
</DMSScript>