﻿<?xml version="1.0" encoding="utf-8" ?>
<DMSScript options="272" xmlns="http://www.skyline.be/automation">
	<Name>HandleEventAction</Name>
	<Description>Script 1.0.1.77</Description>
	<Type>Automation</Type>
	<Author>SKYLINE2\Joey</Author>
	<CheckSets>FALSE</CheckSets>
	<Folder>YLE/SRM</Folder>
	
	<Protocols>
	</Protocols>
	
	<Memory>
	</Memory>
	
	<Parameters>
		<ScriptParameter id="1" type="string" values="">
			<Description>EventIds</Description> <!-- collection of strings serialized to JSON -->
		</ScriptParameter>
		<ScriptParameter id="2" type="string" values="">
			<Description>Status</Description>
		</ScriptParameter>
	</Parameters>
	
	<Script>
		<Exe id="3" type="csharp">
			<Value>
				<![CDATA[[Project:HandleEventAction_3]]]>
			</Value>
			<Param type="scriptRef">Library:YLE_MediaServices</Param>
			<Message>$scriptMessage$</Message>
		</Exe>
	</Script>
</DMSScript>